Number;Par;Tempo Medio de Reversao
11;MULT3.SA/CCRO3.SA;8.299639950772374
10;CMIG4.SA/CPFE3.SA;10.438084450664462
9;ITSA4.SA/EGIE3.SA;11.177056080016225
6;RAIL3.SA/UGPA3.SA;11.324295323952613
4;ABEV3.SA/RADL3.SA;13.853061876336183
1;MULT3.SA/RENT3.SA;20.51927153902028
2;CRFB3.SA/ENEV3.SA;24.076694387817255
0;ITSA4.SA/ABEV3.SA;25.389134735925868
7;CPFE3.SA/HYPE3.SA;29.076953048958945
13;ITSA4.SA/ELET6.SA;33.132792612466496
12;CSAN3.SA/FLRY3.SA;343.5455352534365
